{
  "default": {
    "unbuild": {
      "executionTime": 819.3221078333333,
      "heapUsage": 145.04570388793945
    },
    "tsup": {
      "executionTime": 76.0089930833335,
      "heapUsage": 0.2640047940340909
    },
    "tsdown": {
      "executionTime": 37.969322200000384,
      "heapUsage": 7.298336029052734
    },
    "rslib": {
      "executionTime": 1227.85835775,
      "heapUsage": 3.4916654314313615
    },
    "bunup": {
      "executionTime": 22.216279642857142,
      "heapUsage": 1.04150390625
    }
  },
  "cjs": {
    "unbuild": {
      "executionTime": 937.1357326666666,
      "heapUsage": 162.0439512464735
    },
    "tsup": {
      "executionTime": 77.10890283333333,
      "heapUsage": 0.2313114513050426
    },
    "tsdown": {
      "executionTime": 38.139461133333334,
      "heapUsage": 7.926641191755023
    },
    "rslib": {
      "executionTime": 1499.600944333332,
      "heapUsage": 4.072856903076172
    },
    "bunup": {
      "executionTime": 22.508154714285713,
      "heapUsage": 0.1943359375
    }
  },
  "minify": {
    "unbuild": {
      "executionTime": 822.02145125,
      "heapUsage": 128.74729495578342
    },
    "tsup": {
      "executionTime": 77.49895858333333,
      "heapUsage": 0.4223594665527344
    },
    "tsdown": {
      "executionTime": 43.2305063076923,
      "heapUsage": 6.799380711146763
    },
    "rslib": {
      "executionTime": 1241.0292464166666,
      "heapUsage": 4.8675893147786455
    },
    "bunup": {
      "executionTime": 21.76615224137931,
      "heapUsage": 0.38920454545454547
    }
  },
  "sourcemap": {
    "unbuild": {
      "executionTime": 820.6255415833334,
      "heapUsage": 138.95872592926025
    },
    "tsup": {
      "executionTime": 87.2079445,
      "heapUsage": 3.225103898481889
    },
    "tsdown": {
      "executionTime": 67.57700675,
      "heapUsage": 7.708052062988282
    },
    "rslib": {
      "executionTime": 1233.3438126666667,
      "heapUsage": 4.718499501546224
    },
    "bunup": {
      "executionTime": 38.619716600000004,
      "heapUsage": 1.1842105263157894
    }
  },
  "dts": {
    "unbuild": {
      "executionTime": 3012.1915174166643,
      "heapUsage": 545.4319697788784
    },
    "tsup": {
      "executionTime": 3170.54902075,
      "heapUsage": 1.5066556930541992
    },
    "tsdown (oxc)": {
      "executionTime": 370.32534391666667,
      "heapUsage": 87.67654280229048
    },
    "rslib": {
      "executionTime": 1451.68005575,
      "heapUsage": 2.830234103732639
    },
    "bunup": {
      "executionTime": 860.58077775,
      "heapUsage": 39.631510416666664
    },
    "tsdown (tsc)": {
      "executionTime": 554.6048714166666,
      "heapUsage": 104.85178930109197
    }
  }
}