{
  "default": {
    "unbuild": {
      "executionTime": 778.9898020833334,
      "heapUsage": 142.27522168840682
    },
    "tsup": {
      "executionTime": 76.09086458333333,
      "heapUsage": 0.3262294422496449
    },
    "tsdown": {
      "executionTime": 38.31946113333218,
      "heapUsage": 7.281288146972656
    },
    "rslib": {
      "executionTime": 1221.4250799166668,
      "heapUsage": 3.7036220005580356
    },
    "bunup": {
      "executionTime": 22.973520074074074,
      "heapUsage": 1.2182459677419355
    }
  },
  "cjs": {
    "unbuild": {
      "executionTime": 933.1528402500004,
      "heapUsage": 161.9504920111762
    },
    "tsup": {
      "executionTime": 79.03913875,
      "heapUsage": 0.28642425537109373
    },
    "tsdown": {
      "executionTime": 38.50966106666667,
      "heapUsage": 7.942458016531808
    },
    "rslib": {
      "executionTime": 1499.631271,
      "heapUsage": 3.492712838309152
    },
    "bunup": {
      "executionTime": 22.53558639285714,
      "heapUsage": 0.25537109375
    }
  },
  "minify": {
    "unbuild": {
      "executionTime": 817.0468400833333,
      "heapUsage": 130.34764438205295
    },
    "tsup": {
      "executionTime": 76.54913183333333,
      "heapUsage": 0.27397017045454547
    },
    "tsdown": {
      "executionTime": 42.828205076923076,
      "heapUsage": 6.799849373953683
    },
    "rslib": {
      "executionTime": 1243.3426388333332,
      "heapUsage": 4.064614432198661
    },
    "bunup": {
      "executionTime": 22.596156214285713,
      "heapUsage": 0.32421875
    }
  },
  "sourcemap": {
    "unbuild": {
      "executionTime": 839.9684339166666,
      "heapUsage": 139.88335037231445
    },
    "tsup": {
      "executionTime": 93.12907283333332,
      "heapUsage": 3.2452552101828833
    },
    "tsdown": {
      "executionTime": 72.06607291666667,
      "heapUsage": 7.720909118652344
    },
    "rslib": {
      "executionTime": 1239.5448195,
      "heapUsage": 5.688835144042969
    },
    "bunup": {
      "executionTime": 39.16405566666666,
      "heapUsage": 1.3741776315789473
    }
  },
  "dts": {
    "unbuild": {
      "executionTime": 2931.448882,
      "heapUsage": 370.493773324149
    },
    "tsup": {
      "executionTime": 3168.7881700833336,
      "heapUsage": 1.4985847473144531
    },
    "tsdown (oxc)": {
      "executionTime": 372.57042716666666,
      "heapUsage": 78.13629358465022
    },
    "rslib": {
      "executionTime": 1382.3909479166668,
      "heapUsage": 2.3009525645862925
    },
    "bunup": {
      "executionTime": 369.84320825,
      "heapUsage": 26.81640625
    },
    "tsdown (tsc)": {
      "executionTime": 547.75952075,
      "heapUsage": 97.76480331420899
    }
  },
  "nest": {
    "default": {
      "tsdown": {
        "executionTime": 0,
        "heapUsage": 0
      },
      "unbuild": {
        "executionTime": 0,
        "heapUsage": 0
      }
    }
  },
  "typeorm": {
    "default": {
      "unbuild": {
        "executionTime": 0,
        "heapUsage": 0
      },
      "tsdown": {
        "executionTime": 0,
        "heapUsage": 0
      }
    }
  },
  "rxjs": {
    "default": {
      "unbuild": {
        "executionTime": 263.9548990833333,
        "heapUsage": 24.460710005326703
      },
      "tsup": {
        "executionTime": 23.285950269230767,
        "heapUsage": 5.3450932222254135
      },
      "tsdown (tsc)": {
        "executionTime": 23.256065576923078,
        "heapUsage": 4.707376098632812
      },
      "rslib": {
        "executionTime": 40.866791666666664,
        "heapUsage": 6.072936058044434
      },
      "bunup": {
        "executionTime": 10.139323878787879,
        "heapUsage": 0.6263392857142858
      }
    },
    "cjs": {
      "unbuild": {
        "executionTime": 415.0813991666667,
        "heapUsage": 58.18990478515625
      },
      "tsup": {
        "executionTime": 22.838323653845933,
        "heapUsage": 5.284321504480698
      },
      "tsdown (tsc)": {
        "executionTime": 23.47477088461531,
        "heapUsage": 4.638092803955078
      },
      "rslib": {
        "executionTime": 36.91398893333333,
        "heapUsage": 7.251508331298828
      },
      "bunup": {
        "executionTime": 10.041315343283582,
        "heapUsage": 0.167693661971831
      }
    },
    "minify": {
      "unbuild": {
        "executionTime": 273.1738715833333,
        "heapUsage": 23.24102783203125
      },
      "tsup": {
        "executionTime": 23.084721192307693,
        "heapUsage": 5.1588134765625
      },
      "tsdown (tsc)": {
        "executionTime": 26.041355,
        "heapUsage": 3.871292917351974
      },
      "rslib": {
        "executionTime": 47.63774636363637,
        "heapUsage": 5.8276519775390625
      },
      "bunup": {
        "executionTime": 8.4209817375,
        "heapUsage": 0.13039434523809523
      }
    },
    "sourcemap": {
      "unbuild": {
        "executionTime": 297.8670451666667,
        "heapUsage": 31.624496459960938
      },
      "tsup": {
        "executionTime": 32.64772794117647,
        "heapUsage": 7.464128875732422
      },
      "tsdown (tsc)": {
        "executionTime": 32.83046329411765,
        "heapUsage": 4.602011544363839
      },
      "rslib": {
        "executionTime": 44.90166675,
        "heapUsage": 5.672362327575684
      },
      "bunup": {
        "executionTime": 25.647359375,
        "heapUsage": 0.5641741071428571
      }
    },
    "dts": {
      "unbuild": {
        "executionTime": 1032.798090333333,
        "heapUsage": 227.17462348937988
      },
      "tsup": {
        "executionTime": 0,
        "heapUsage": 0
      },
      "tsdown (tsc)": {
        "executionTime": 126.21062483333333,
        "heapUsage": 14.770998868075283
      },
      "rslib": {
        "executionTime": 0,
        "heapUsage": 0
      },
      "bunup": {
        "executionTime": 20.957483233333335,
        "heapUsage": 0.28722426470588236
      }
    }
  }
}