{
  "default": {
    "unbuild": {
      "executionTime": 545.5992741666666,
      "heapUsage": 144.0459213256836
    },
    "tsup": {
      "executionTime": 59.524652583333335,
      "heapUsage": 0.641021728515625
    },
    "tsdown": {
      "executionTime": 28.683291649999997,
      "heapUsage": 6.229520416259765
    },
    "rslib": {
      "executionTime": 941.5003366666666,
      "heapUsage": 4.8533935546875
    },
    "bunup": {
      "executionTime": 17.574418837837836,
      "heapUsage": 1.1143292682926829
    }
  },
  "cjs": {
    "unbuild": {
      "executionTime": 680.27828825,
      "heapUsage": 159.79393768310547
    },
    "tsup": {
      "executionTime": 60.58395816666666,
      "heapUsage": 0.46834217418323865
    },
    "tsdown": {
      "executionTime": 28.58546838095238,
      "heapUsage": 7.552152252197265
    },
    "rslib": {
      "executionTime": 1163.081559,
      "heapUsage": 3.3332608540852866
    },
    "bunup": {
      "executionTime": 17.36282764864865,
      "heapUsage": 0.20464939024390244
    }
  },
  "minify": {
    "unbuild": {
      "executionTime": 587.3608335833334,
      "heapUsage": 129.3261244032118
    },
    "tsup": {
      "executionTime": 60.5892395,
      "heapUsage": 0.5837249755859375
    },
    "tsdown": {
      "executionTime": 33.08801855555556,
      "heapUsage": 5.52591982754794
    },
    "rslib": {
      "executionTime": 948.013593666666,
      "heapUsage": 5.53131103515625
    },
    "bunup": {
      "executionTime": 17.232516972972974,
      "heapUsage": 0.3365091463414634
    }
  },
  "sourcemap": {
    "unbuild": {
      "executionTime": 586.60552775,
      "heapUsage": 139.20383792453342
    },
    "tsup": {
      "executionTime": 68.62208341666667,
      "heapUsage": 3.2039129083806817
    },
    "tsdown": {
      "executionTime": 54.008208200000006,
      "heapUsage": 5.957923889160156
    },
    "rslib": {
      "executionTime": 939.160531,
      "heapUsage": 5.558315277099609
    },
    "bunup": {
      "executionTime": 30.06200615,
      "heapUsage": 1.1920572916666667
    }
  },
  "dts": {
    "unbuild": {
      "executionTime": 2278.7092255833336,
      "heapUsage": 551.7682473318918
    },
    "tsup": {
      "executionTime": 2361.9481250833337,
      "heapUsage": 1.1533211602105036
    },
    "tsdown (oxc)": {
      "executionTime": 284.5766563333333,
      "heapUsage": 78.13976426558061
    },
    "rslib": {
      "executionTime": 1206.7184860833333,
      "heapUsage": 2.261965664950284
    },
    "bunup": {
      "executionTime": 288.7337015,
      "heapUsage": 27.852864583333332
    },
    "tsdown (tsc)": {
      "executionTime": 409.1137535,
      "heapUsage": 95.52990167791194
    }
  }
}