{
  "default": {
    "unbuild": {
      "executionTime": 803.57620825,
      "heapUsage": 143.58364323207311
    },
    "tsup": {
      "executionTime": 78.10954875,
      "heapUsage": 0.2562311345880682
    },
    "tsdown (oxc)": {
      "executionTime": 39.26027971428557,
      "heapUsage": 6.097170148577009
    },
    "tsdown (tsc)": {
      "executionTime": 36.974161200000005,
      "heapUsage": 7.917308262416294
    },
    "rslib": {
      "executionTime": 1222.1770520833327,
      "heapUsage": 6.509591420491536
    },
    "bunup": {
      "executionTime": 119.06764941666634,
      "heapUsage": 0.0685487227006392
    }
  },
  "cjs": {
    "unbuild": {
      "executionTime": 984.8020521666666,
      "heapUsage": 161.13782670762805
    },
    "tsup": {
      "executionTime": 80.48982283333333,
      "heapUsage": 0.21093888716264206
    },
    "tsdown (oxc)": {
      "executionTime": 38.486488071428575,
      "heapUsage": 8.048650469098773
    },
    "tsdown (tsc)": {
      "executionTime": 40.84571792307692,
      "heapUsage": 7.780714670817058
    },
    "rslib": {
      "executionTime": 1577.5351321666672,
      "heapUsage": 4.096855163574219
    },
    "bunup": {
      "executionTime": 114.02465633333333,
      "heapUsage": 0.061932373046875
    }
  },
  "minify": {
    "unbuild": {
      "executionTime": 816.40145475,
      "heapUsage": 129.11972332000732
    },
    "tsup": {
      "executionTime": 78.1327015,
      "heapUsage": 0.31144180297851565
    },
    "tsdown (oxc)": {
      "executionTime": 42.59449308333333,
      "heapUsage": 5.425581932067871
    },
    "tsdown (tsc)": {
      "executionTime": 42.445070461538464,
      "heapUsage": 6.762446812220982
    },
    "rslib": {
      "executionTime": 1239.8761078333332,
      "heapUsage": 7.400543212890625
    },
    "bunup": {
      "executionTime": 112.94860425,
      "heapUsage": 0.05268513072620739
    }
  },
  "sourcemap": {
    "unbuild": {
      "executionTime": 868.8298505,
      "heapUsage": 125.08693271213107
    },
    "tsup": {
      "executionTime": 115.55739583333333,
      "heapUsage": 3.2259701815518467
    },
    "tsdown (oxc)": {
      "executionTime": 76.56348266666667,
      "heapUsage": 5.447530110677083
    },
    "tsdown (tsc)": {
      "executionTime": 77.4234825,
      "heapUsage": 5.397493998209636
    },
    "rslib": {
      "executionTime": 1235.040402833332,
      "heapUsage": 7.55849609375
    },
    "bunup": {
      "executionTime": 127.96792016665776,
      "heapUsage": 0.05119768778483073
    }
  },
  "dts": {
    "unbuild": {
      "executionTime": 2939.3761770833335,
      "heapUsage": 394.24481419154574
    },
    "tsup": {
      "executionTime": 3174.4148020833336,
      "heapUsage": 1.0378816392686632
    },
    "tsdown (oxc)": {
      "executionTime": 368.1289478333333,
      "heapUsage": 78.1384110884233
    },
    "tsdown (tsc)": {
      "executionTime": 537.7424685833333,
      "heapUsage": 99.45926943692294
    },
    "rslib": {
      "executionTime": 1485.5087535833331,
      "heapUsage": 2.1802798184481533
    },
    "bunup": {
      "executionTime": 1033.6929755,
      "heapUsage": 0.07283172607421876
    }
  }
}