{
  "default": {
    "unbuild": {
      "executionTime": 778.9898020833334,
      "heapUsage": 142.27522168840682
    },
    "tsup": {
      "executionTime": 76.09086458333333,
      "heapUsage": 0.3262294422496449
    },
    "tsdown": {
      "executionTime": 38.31946113333218,
      "heapUsage": 7.281288146972656
    },
    "rslib": {
      "executionTime": 1221.4250799166668,
      "heapUsage": 3.7036220005580356
    },
    "bunup": {
      "executionTime": 22.973520074074074,
      "heapUsage": 1.2182459677419355
    }
  },
  "cjs": {
    "unbuild": {
      "executionTime": 933.1528402500004,
      "heapUsage": 161.9504920111762
    },
    "tsup": {
      "executionTime": 79.03913875,
      "heapUsage": 0.28642425537109373
    },
    "tsdown": {
      "executionTime": 38.50966106666667,
      "heapUsage": 7.942458016531808
    },
    "rslib": {
      "executionTime": 1499.631271,
      "heapUsage": 3.492712838309152
    },
    "bunup": {
      "executionTime": 22.53558639285714,
      "heapUsage": 0.25537109375
    }
  },
  "minify": {
    "unbuild": {
      "executionTime": 817.0468400833333,
      "heapUsage": 130.34764438205295
    },
    "tsup": {
      "executionTime": 76.54913183333333,
      "heapUsage": 0.27397017045454547
    },
    "tsdown": {
      "executionTime": 42.828205076923076,
      "heapUsage": 6.799849373953683
    },
    "rslib": {
      "executionTime": 1243.3426388333332,
      "heapUsage": 4.064614432198661
    },
    "bunup": {
      "executionTime": 22.596156214285713,
      "heapUsage": 0.32421875
    }
  },
  "sourcemap": {
    "unbuild": {
      "executionTime": 839.9684339166666,
      "heapUsage": 139.88335037231445
    },
    "tsup": {
      "executionTime": 93.12907283333332,
      "heapUsage": 3.2452552101828833
    },
    "tsdown": {
      "executionTime": 72.06607291666667,
      "heapUsage": 7.720909118652344
    },
    "rslib": {
      "executionTime": 1239.5448195,
      "heapUsage": 5.688835144042969
    },
    "bunup": {
      "executionTime": 39.16405566666666,
      "heapUsage": 1.3741776315789473
    }
  },
  "dts": {
    "unbuild": {
      "executionTime": 2931.448882,
      "heapUsage": 370.493773324149
    },
    "tsup": {
      "executionTime": 3168.7881700833336,
      "heapUsage": 1.4985847473144531
    },
    "tsdown (oxc)": {
      "executionTime": 372.57042716666666,
      "heapUsage": 78.13629358465022
    },
    "rslib": {
      "executionTime": 1382.3909479166668,
      "heapUsage": 2.3009525645862925
    },
    "bunup": {
      "executionTime": 369.84320825,
      "heapUsage": 26.81640625
    },
    "tsdown (tsc)": {
      "executionTime": 547.75952075,
      "heapUsage": 97.76480331420899
    }
  }
}