{
  "default": {
    "unbuild": {
      "executionTime": 895.2549581666668,
      "heapUsage": 143.54916191101074
    },
    "tsup": {
      "executionTime": 90.39887508333365,
      "heapUsage": 0.2716438987038352
    },
    "tsdown": {
      "executionTime": 42.243932692307695,
      "heapUsage": 6.263383865356445
    },
    "rslib": {
      "executionTime": 312.8261595833333,
      "heapUsage": 5.449984959193638
    },
    "bunup": {
      "executionTime": 23.239966,
      "heapUsage": 1.3528225806451613
    }
  },
  "cjs": {
    "unbuild": {
      "executionTime": 941.7389339166666,
      "heapUsage": 181.20996379852295
    },
    "tsup": {
      "executionTime": 85.0348125,
      "heapUsage": 0.6588948567708334
    },
    "tsdown": {
      "executionTime": 42.59091023076923,
      "heapUsage": 7.670164744059245
    },
    "rslib": {
      "executionTime": 305.04098941666666,
      "heapUsage": 5.564320155552456
    },
    "bunup": {
      "executionTime": 22.62478125,
      "heapUsage": 0.3701171875
    }
  },
  "minify": {
    "unbuild": {
      "executionTime": 1083.320698,
      "heapUsage": 128.81698269314236
    },
    "tsup": {
      "executionTime": 94.10111808333333,
      "heapUsage": 0.3570037841796875
    },
    "tsdown": {
      "executionTime": 44.39567,
      "heapUsage": 7.542981465657552
    },
    "rslib": {
      "executionTime": 331.1912570833333,
      "heapUsage": 5.179517473493304
    },
    "bunup": {
      "executionTime": 22.03349842857143,
      "heapUsage": 0.33203125
    }
  },
  "sourcemap": {
    "unbuild": {
      "executionTime": 870.4773055000013,
      "heapUsage": 154.87743091583252
    },
    "tsup": {
      "executionTime": 98.04036825,
      "heapUsage": 3.20877421985973
    },
    "tsdown": {
      "executionTime": 80.971552,
      "heapUsage": 7.522503662109375
    },
    "rslib": {
      "executionTime": 322.07437491666667,
      "heapUsage": 6.000077819824218
    },
    "bunup": {
      "executionTime": 37.491669571428574,
      "heapUsage": 1.0434027777777777
    }
  },
  "dts": {
    "unbuild": {
      "executionTime": 3185.97791325,
      "heapUsage": 545.2579585484096
    },
    "tsup": {
      "executionTime": 3370.5144584999975,
      "heapUsage": 1.7131554739815849
    },
    "tsdown (oxc)": {
      "executionTime": 408.4193333333333,
      "heapUsage": 87.50263491543856
    },
    "rslib": {
      "executionTime": 1411.9685,
      "heapUsage": 2.4085242531516333
    },
    "bunup": {
      "executionTime": 367.273066,
      "heapUsage": 31.162760416666668
    },
    "tsdown (tsc)": {
      "executionTime": 974.9408783333333,
      "heapUsage": 243.17562696668836
    }
  }
}