{
  "default": {
    "unbuild": {
      "executionTime": 826.7268231666666,
      "heapUsage": 143.94515419006348
    },
    "tsup": {
      "executionTime": 80.44770149999935,
      "heapUsage": 0.2381501631303267
    },
    "tsdown": {
      "executionTime": 38.56409242857143,
      "heapUsage": 6.467723846435547
    },
    "rslib": {
      "executionTime": 1226.9304238333332,
      "heapUsage": 3.5030528477260043
    },
    "bunup": {
      "executionTime": 23.665913423076923,
      "heapUsage": 1.7166666666666666
    }
  },
  "cjs": {
    "unbuild": {
      "executionTime": 929.5490520833333,
      "heapUsage": 154.5648136138916
    },
    "tsup": {
      "executionTime": 75.23731258333333,
      "heapUsage": 0.25198225541548297
    },
    "tsdown": {
      "executionTime": 37.55983642857142,
      "heapUsage": 7.7628224690755205
    },
    "rslib": {
      "executionTime": 1501.8818020833332,
      "heapUsage": 4.6742502848307295
    },
    "bunup": {
      "executionTime": 22.88375646153846,
      "heapUsage": 0.38645833333333335
    }
  },
  "minify": {
    "unbuild": {
      "executionTime": 859.9139583333334,
      "heapUsage": 127.64666557312012
    },
    "tsup": {
      "executionTime": 77.5114895,
      "heapUsage": 0.3481195623224432
    },
    "tsdown": {
      "executionTime": 42.85154516666666,
      "heapUsage": 7.658896128336589
    },
    "rslib": {
      "executionTime": 1245.8408123333334,
      "heapUsage": 5.560723876953125
    },
    "bunup": {
      "executionTime": 22.56401325,
      "heapUsage": 0.3974609375
    }
  },
  "sourcemap": {
    "unbuild": {
      "executionTime": 857.1378400833333,
      "heapUsage": 141.70867411295572
    },
    "tsup": {
      "executionTime": 88.46739216666667,
      "heapUsage": 3.2270417646928267
    },
    "tsdown": {
      "executionTime": 69.34952775,
      "heapUsage": 7.714151000976562
    },
    "rslib": {
      "executionTime": 1236.268507,
      "heapUsage": 7.523323059082031
    },
    "bunup": {
      "executionTime": 39.38180657142858,
      "heapUsage": 0.8072916666666666
    }
  },
  "dts": {
    "unbuild": {
      "executionTime": 3006.4461875000015,
      "heapUsage": 421.52437686920166
    },
    "tsup": {
      "executionTime": 3218.9134305833336,
      "heapUsage": 1.0294469197591145
    },
    "tsdown (oxc)": {
      "executionTime": 377.65521875,
      "heapUsage": 78.62467471036044
    },
    "rslib": {
      "executionTime": 1384.5139861666667,
      "heapUsage": 3.35654296875
    },
    "bunup": {
      "executionTime": 356.71659033333333,
      "heapUsage": 26.890625
    },
    "tsdown (tsc)": {
      "executionTime": 559.3271494166667,
      "heapUsage": 97.26006317138672
    }
  }
}