{
  "default": {
    "unbuild": {
      "executionTime": 873.35638875,
      "heapUsage": 143.6488985334124
    },
    "tsup": {
      "executionTime": 86.8524099999997,
      "heapUsage": 0.2734624689275568
    },
    "tsdown": {
      "executionTime": 37.37688879999987,
      "heapUsage": 7.377622604370117
    },
    "rslib": {
      "executionTime": 1227.021302166667,
      "heapUsage": 3.5248184204101562
    },
    "bunup": {
      "executionTime": 22.84935962962963,
      "heapUsage": 1.3019153225806452
    }
  },
  "cjs": {
    "unbuild": {
      "executionTime": 967.21280175,
      "heapUsage": 150.29469528198243
    },
    "tsup": {
      "executionTime": 77.85842358333333,
      "heapUsage": 0.27237077192826703
    },
    "tsdown": {
      "executionTime": 37.56017766666666,
      "heapUsage": 8.070259094238281
    },
    "rslib": {
      "executionTime": 1508.7709688333348,
      "heapUsage": 4.051138559977214
    },
    "bunup": {
      "executionTime": 22.72690317857143,
      "heapUsage": 0.2333984375
    }
  },
  "minify": {
    "unbuild": {
      "executionTime": 829.6639758333333,
      "heapUsage": 129.37595791286893
    },
    "tsup": {
      "executionTime": 78.02472216666668,
      "heapUsage": 0.3077049255371094
    },
    "tsdown": {
      "executionTime": 42.542640846153844,
      "heapUsage": 5.322201728820801
    },
    "rslib": {
      "executionTime": 1242.8148091666667,
      "heapUsage": 4.538186391194661
    },
    "bunup": {
      "executionTime": 22.43787639285714,
      "heapUsage": 0.43701171875
    }
  },
  "sourcemap": {
    "unbuild": {
      "executionTime": 843.2074964166666,
      "heapUsage": 142.4831305609809
    },
    "tsup": {
      "executionTime": 89.93432641666668,
      "heapUsage": 3.2372616854580967
    },
    "tsdown": {
      "executionTime": 69.3028195,
      "heapUsage": 5.535350799560547
    },
    "rslib": {
      "executionTime": 1229.2911389166668,
      "heapUsage": 5.433229064941406
    },
    "bunup": {
      "executionTime": 39.3243972,
      "heapUsage": 1.493421052631579
    }
  },
  "dts": {
    "unbuild": {
      "executionTime": 2991.8090589999983,
      "heapUsage": 454.0859006245931
    },
    "tsup": {
      "executionTime": 3202.80508325,
      "heapUsage": 1.09364742702908
    },
    "tsdown (oxc)": {
      "executionTime": 375.0333751666667,
      "heapUsage": 79.1531094637784
    },
    "rslib": {
      "executionTime": 1493.3666838333334,
      "heapUsage": 2.211483348499645
    },
    "bunup": {
      "executionTime": 870.1509688333334,
      "heapUsage": 41.522135416666664
    },
    "tsdown (tsc)": {
      "executionTime": 557.7124826666666,
      "heapUsage": 100.54726791381836
    }
  }
}