{
  "default": {
    "unbuild": {
      "executionTime": 819.3459271666667,
      "heapUsage": 124.00581468854632
    },
    "tsup": {
      "executionTime": 79.77569116666668,
      "heapUsage": 0.3042581731622869
    },
    "tsdown": {
      "executionTime": 37.776091600000385,
      "heapUsage": 5.590432167053223
    },
    "rslib": {
      "executionTime": 1249.7302360833337,
      "heapUsage": 6.535574595133464
    },
    "bunup": {
      "executionTime": 127.3027015,
      "heapUsage": 0.06831221147017046
    }
  },
  "cjs": {
    "unbuild": {
      "executionTime": 928.4129200833333,
      "heapUsage": 159.95655398898654
    },
    "tsup": {
      "executionTime": 75.52376741666667,
      "heapUsage": 0.2961904352361506
    },
    "tsdown": {
      "executionTime": 39.052160785714285,
      "heapUsage": 5.443787574768066
    },
    "rslib": {
      "executionTime": 1497.6975313333328,
      "heapUsage": 4.843425750732422
    },
    "bunup": {
      "executionTime": 116.7059653333327,
      "heapUsage": 0.05591167103160511
    }
  },
  "minify": {
    "unbuild": {
      "executionTime": 841.4779098333333,
      "heapUsage": 130.58700561523438
    },
    "tsup": {
      "executionTime": 77.77130566666668,
      "heapUsage": 0.36761058460582385
    },
    "tsdown": {
      "executionTime": 42.21078108333334,
      "heapUsage": 6.390512466430664
    },
    "rslib": {
      "executionTime": 1243.6604824166668,
      "heapUsage": 6.291040693010602
    },
    "bunup": {
      "executionTime": 113.49400016666667,
      "heapUsage": 0.05394259366122159
    }
  },
  "sourcemap": {
    "unbuild": {
      "executionTime": 817.3197430833334,
      "heapUsage": 137.91204918755426
    },
    "tsup": {
      "executionTime": 89.30431591666667,
      "heapUsage": 3.2191730846058237
    },
    "tsdown": {
      "executionTime": 67.09048616666666,
      "heapUsage": 5.500967661539714
    },
    "rslib": {
      "executionTime": 1231.6475625,
      "heapUsage": 7.379621887207032
    },
    "bunup": {
      "executionTime": 132.09566666666666,
      "heapUsage": 0.04742154208096591
    }
  },
  "dts": {
    "unbuild": {
      "executionTime": 2928.2260486666705,
      "heapUsage": 439.2619430541992
    },
    "tsup": {
      "executionTime": 3220.2617811666664,
      "heapUsage": 1.034761216905382
    },
    "tsdown (oxc)": {
      "executionTime": 387.686448,
      "heapUsage": 79.90613209117542
    },
    "rslib": {
      "executionTime": 1496.22507975,
      "heapUsage": 2.227964921431108
    },
    "bunup": {
      "executionTime": 1027.5517915833334,
      "heapUsage": 0.059697931463068184
    },
    "tsdown (tsc)": {
      "executionTime": 539.7781318333334,
      "heapUsage": 95.98829928311434
    }
  }
}