{
  "thousand-functions": {
    "unbuild": 907.1178853333333,
    "tsup": 79.56015966666668,
    "tsdown (oxc)": 51.3900249,
    "tsdown (tsc)": 50.547900299999995,
    "rslib": 1253.2295452499993
  },
  "thousand-typed-functions": {
    "unbuild": 3094.1859062499993,
    "tsup": 3205.59978125,
    "tsdown (oxc)": 418.932052,
    "tsdown (tsc)": 586.2656563333321,
    "rslib": 1465.9248368333333
  }
}