{
  "thousand-functions": {
    "unbuild": 839.9874758333334,
    "tsup": 79.6171979166673,
    "tsdown (oxc)": 53.29719433333291,
    "tsdown (tsc)": 50.473308200000005,
    "rslib": 1262.7965522500003
  },
  "thousand-typed-functions": {
    "unbuild": 3361.9178090833325,
    "tsup": 3272.9225866666666,
    "tsdown (oxc)": 421.0219166666667,
    "tsdown (tsc)": 597.8802709166666,
    "rslib": 1628.04978125
  }
}