{
  "thousand-functions": {
    "unbuild": 145.5047378540039,
    "tsup": 0.9999445134943182,
    "tsdown (oxc)": 5.119260515485491,
    "tsdown (tsc)": 4.370574951171875,
    "rslib": 6.797848510742187
  },
  "thousand-typed-functions": {
    "unbuild": 562.4958801269531,
    "tsup": 3.984729766845703,
    "tsdown (oxc)": 79.8698661110618,
    "tsdown (tsc)": 100.19851476495916,
    "rslib": 2.453365672718395
  }
}