{
  "thousand-functions": {
    "unbuild": 141.9845027923584,
    "tsup": 0.9816346602006392,
    "tsdown (oxc)": 4.647451400756836,
    "tsdown (tsc)": 4.389381408691406,
    "rslib": 3.9074129377092635
  },
  "thousand-typed-functions": {
    "unbuild": 485.3156008039202,
    "tsup": 4.258186340332031,
    "tsdown (oxc)": 77.78676397150213,
    "tsdown (tsc)": 100.73455116965555,
    "rslib": 2.460455460981889
  }
}